GridID,TimeInterval,smsin,smsout,callin,callout,internet
1000,1383313200000,0.0800995970142345,,0.0800995970142345,,
1000,1383319800000,,0.0800995970142345,,,
1000,1383324600000,,,,0.0800995970142345,
