GridID,TimeInterval,smsin,smsout,callin,callout,internet
100,1383305400000,0.0407742548283371,,,,
10000,1383300600000,,0.2082453134955084,,,
1008,1383300000000,,,,,0.055115660599345
1008,1383343800000,0.055115660599345,,,,
1008,1383344400000,0.1102313211986901,,,,
