GridID,TimeInterval,smsin,smsout,callin,callout,internet
100,1383295200000,,,,0.0407742548283371,
100,1383295800000,,,0.0407742548283371,0.0407742548283371,
100,1383302400000,,,,,0.0798593575577967
1005,1383273600000,,,,,0.0101505416898595
1005,1383309000000,,,,,0.0101505416898595
1005,1383315000000,,,,,0.0101505416898595
1005,1383328800000,,,,,0.020301083379719
1007,1383316200000,,,0.003236496088091,,
1008,1383268200000,,,,0.055115660599345,
1008,1383316200000,,,0.0002425655445186,,
