GridID,TimeInterval,smsin,smsout,callin,callout,internet
1,1383306600000,0.0261374242642866,,,0.0261374242642866,
10,1383306600000,0.0286530890659561,,,0.0286530890659561,
100,1383294600000,,,0.0407742548283371,0.0407742548283371,
101,1383306600000,0.0277058399180573,,,0.0277058399180573,
102,1383306600000,0.0241193809118467,,,0.0241193809118467,
