GridID,TimeInterval,smsin,smsout,callin,callout,internet
100,1383302400000,0.0798593575577967,,,,
1002,1383297000000,0.0013448591630844,,,,
1005,1383297000000,0.0052987887479102,,,,
1006,1383297000000,0.0005289352331016,,,,
102,1383299400000,,,0.0027123356349349,,
