GridID,TimeInterval,smsin,smsout,callin,callout,internet
1000,1383315600000,0.0036215255509797,,,,
1000,1383322800000,,,,0.0800995970142345,
1005,1383313200000,,,,0.0101505416898595,
