GridID,TimeInterval,smsin,smsout,callin,callout,internet
1,1383307200000,,,0.0273004648771861,,
10,1383307200000,,,0.0101739906223334,,
1008,1383306600000,,,,,0.055115660599345
101,1383307200000,,,0.0272441198540478,,
102,1383307200000,,,0.0213010264504589,,
