GridID,TimeInterval,smsin,smsout,callin,callout,internet
100,1383295200000,0.0407742548283371,,,,
100,1383318000000,,,,,0.0407742548283371
1007,1383283200000,,,,,0.003236496088091
1007,1383326400000,,,,,0.003236496088091
1008,1383283200000,,,,,0.0002425655445186
1008,1383326400000,,,,,0.0002425655445186
1008,1383333600000,,,0.055115660599345,,
1018,1383337200000,,,,0.0128767436751658,
1019,1383337200000,,,,0.0413574384492897,
102,1383295200000,,,,0.0075337953325166,
