GridID,TimeInterval,smsin,smsout,callin,callout,internet
100,1383289200000,,,,,0.1206336123861339
100,1383290400000,0.0798593575577967,,,,
100,1383296400000,,,0.0798593575577967,,
1000,1383326400000,,,0.0800995970142345,,
1002,1383325200000,,,0.0013448591630844,,
1005,1383325200000,,,0.0052987887479102,,
1006,1383325200000,,,0.0005289352331016,,
