GridID,TimeInterval,smsin,smsout,callin,callout,internet
1005,1383318000000,0.0101505416898595,,,,
1008,1383320400000,0.055115660599345,,,,
1008,1383326400000,,,,0.055115660599345,
