GridID,TimeInterval,smsin,smsout,callin,callout,internet
1005,1383321000000,0.0101505416898595,,,,
1008,1383309000000,,,0.055115660599345,,
1008,1383310800000,0.055115660599345,,,,
1008,1383340200000,,,,0.055115660599345,
