GridID,TimeInterval,smsin,smsout,callin,callout,internet
1,1383310800000,0.0261374242642866,,,,
1,1383313800000,0.0261374242642866,,,,
10,1383310800000,0.0286530890659561,,,,
10,1383313800000,0.0286530890659561,,,,
101,1383310800000,0.0277058399180573,,,,
101,1383313800000,0.0277058399180573,,,,
