GridID,TimeInterval,smsin,smsout,callin,callout,internet
1000,1383321000000,,,,0.0325505542767204,
1000,1383323400000,,,,0.0325505542767204,
1005,1383309000000,,,,0.0101505416898595,
1007,1383316800000,,,,0.003236496088091,
1007,1383321000000,,,,0.003236496088091,
1008,1383316800000,,,,0.0002425655445186,
1008,1383321000000,,,,0.0002425655445186,
1008,1383334800000,,,,0.055115660599345,
