GridID,TimeInterval,smsin,smsout,callin,callout,internet
1007,1383304200000,0.003236496088091,,,,
1007,1383319200000,0.003236496088091,,,,
1007,1383331200000,0.003236496088091,,,,
1008,1383304200000,0.0002425655445186,,,,
1008,1383319200000,0.0002425655445186,,,,
1008,1383331200000,0.0002425655445186,,,,
