GridID,TimeInterval,smsin,smsout,callin,callout,internet
100,1383310800000,,,,0.0407742548283371,
1000,1383297000000,,,,0.0036215255509797,
1000,1383301800000,,,,0.0036215255509797,
1007,1383276000000,,,,0.003236496088091,
1008,1383276000000,,,,0.0002425655445186,
1008,1383290400000,,,,0.055115660599345,
