GridID,TimeInterval,smsin,smsout,callin,callout,internet
100,1383316200000,0.1597187151155935,,,,
1002,1383313200000,,,0.0013448591630844,,
1005,1383313200000,,,0.0052987887479102,,
1006,1383313200000,,,0.0005289352331016,,
1008,1383303000000,,,,,0.055115660599345
