GridID,TimeInterval,smsin,smsout,callin,callout,internet
1008,1383323400000,,,,,0.055115660599345
102,1383294600000,,,,0.0075337953325166,
102,1383303600000,0.0075337953325166,0.0075337953325166,,,
