GridID,TimeInterval,smsin,smsout,callin,callout,internet
100,1383302400000,0.0798593575577967,,,,
100,1383312000000,,,,,0.0798593575577967
1000,1383297600000,,,,,0.0036215255509797
1002,1383291600000,,,0.0013448591630844,,
1005,1383291600000,,,0.0052987887479102,,
1005,1383297600000,,,,,0.0101505416898595
1006,1383291600000,,,0.0005289352331016,,
