GridID,TimeInterval,smsin,smsout,callin,callout,internet
1000,1383306600000,0.0800995970142345,0.160199194028469,,,
1000,1383312000000,,,,0.0800995970142345,
1000,1383312600000,,,0.0325505542767204,,
