GridID,TimeInterval,smsin,smsout,callin,callout,internet
1000,1383339000000,,,0.0800995970142345,,
1000,1383340800000,,,0.0800995970142345,,
1007,1383322200000,,,,0.003236496088091,
1007,1383324000000,,,,0.003236496088091,
1007,1383330000000,,,,0.003236496088091,
1008,1383322200000,,,,0.0002425655445186,
1008,1383324000000,,,,0.0002425655445186,
1008,1383330000000,,,,0.0002425655445186,
102,1383303600000,,,,0.0075337953325166,
