GridID,TimeInterval,smsin,smsout,callin,callout,internet
1002,1383321600000,0.0026897183261688,,,,
1005,1383321600000,0.0105975774958205,,,,
1006,1383321600000,0.0010578704662032,,,,
